PtUcSixZjnuWYSy8AU3iq3y971v5Gmarq6x,500000
PtkRWm7ihyvexLoDy3GYzrUsdjjWYNPhvve,750000
PtiVrgYM3oSznwZk1PRcFk27TnWxaxv5i35,1000000
PthbsPyWTgKGprvZBRgYgneL41ffgs3WBkC,1250000
PtezwuK8nhTfS8Jp1GVvpc2Yexu8GSd85dG,1500000
PtUi1GA1gKMtTroYhfNh5eQQjmeCAyJLxQ5,600000
PtaMBvEUMREJabYwjCKmtSpL2eY5gaANyMd,800000
PtZEpk2M6m1jcK4KXuEWqsuPMt66aubSFFU,1100000
Ptgsmm75g6b3bLBpjomGaz7qmCEWveeSRaR,1300000
PtcMA93hWE3dQdCpzWiL4m392nfjsir9TKm,1600000
PtUjeJYad2R22w2ziNZMKagUvfLhDQ9Lbmx,550000
PthkdotCdHj8PKa9iBtu4XSyPDfkCcogs3v,700000
Ptnj18RcPACpc3z7p449rTe7KQKefC9pNup,950000
PtoBnfmL6Ri7sL7bPdox3jQZYRBHLjLRYxh,1150000
PtYfbfcWzFtybd8DQkvARGVVJ1htonrwLfN,1400000
PtehztL7PgZ6NoJPpvoM19EdsA472LqXe89,650000
PtVcr2cTRYSsHTRWW9KUNmjJT97ihuP8hB5,850000
PtfvdG7HGRuvUXswAftvPq2WvgZ3orn3T7F,1050000
PtZqjeJ1WZsfXjTQM2HQ3FJHQ7i471oBnAB,1200000
PtddaTJaamN5iVXESxBUeg7K8Ui5xeCibbH,1550000
PteiVBQuSPzpjCdHLuw2VQkrj7Us1jwuNyA,500000
PtTsRRXu7zAfCftKw8myAmGiyuqQj6GKMa7,750000
PtiRHNXUTFztHuMejS6UKwbuPbiJs9prvS5,1000000
PtU1dHkVuJARgynyYcWmGxm3CMnGaPqW5xx,1250000
PtpVL4SxvUFLp3zEejS6Ud5tfNKqfYwKqw2,1500000
Ptj8iXnKvpVxgoxNaddZTmBoSKvbhkRrER2,600000
Pthe7d2djB9UUpyTa4wbE21R7Aj7JRFHJcs,800000
PtfhyGo1PpA2imC743d4kge6i1AY2E8wxmc,1100000
PtocZoeE3ZEBbXbVx7kLNctVN2Ecr1M7ppV,1300000
PtVQTGEE5fWECFNUxr2YfATHcu3kjJAk8qZ,1600000
PtdPb9k9pJYZA8fKVJ6rqZA8QfSajuToUsa,550000
PtiJgn9BDb1BiHUQZHWRtBhTSczV3Gv3J3w,700000
PtVJQXSeQCJ1BtgfyETrvT3JwvZjDN1KdLA,950000
Ptgvfpi5D7fKVFx4xxjU2MoH5DASFqrhasG,1150000
PtVBpWVtPQgK8prjTHCLqjaGxeUxLwdMdiv,1400000
Ptb87ByHyBNZhMJhQsYZbb4rBiYmK6n5ECc,650000
Ptr5XQiXGf71Yf5nbEShjzTGaB3wgffKiyk,850000
PtXSMmjogjRmCBB5iYGiZ2D4FyNcpJ9LHaC,1050000
PtU7k8So5uU1yGMSBZZ23X4HnabGn41vLrJ,1200000
PtWisaky5h73C9SQf5iUfW6eumDv5rXhUHU,1550000
PtUEeverXVTFgQkH11M42Bkr8GogGAbtyrQ,500000
PtpBmbsmsGmFv79RdqC6ucszLxgwdCANQ6T,750000
Ptjbii2cjmLevxXu89PbQWUiDDKxRVuvk8k,1000000
PtbCsEeWXiUTR6ZBoyRL9WYtsXxmzKmmGGR,1250000
Ptge1MZkCMwpzM1vF4m23hfapxLTTZeGM39,1500000
PtdttoaGCrh9GBo5t4NRNLWSaT3BiZ2Upon,600000
Ptk9pVuojrPe1wxzgSDR1upJMSNPbhd8tDW,800000
PtoLpSVknmPfqv5Lyx6b7xwEM3JnEMRcX6t,1100000
PtidaCA1JCRQSvxxeTqcJkx7vxPdv2nZRfz,1300000
PtZZjjEo7Khm3Q3yaLPDdtaxVY5bUCVwe66,1600000
PtXNahtfXxm6nGxkVWYDo4JdyCmPLWNkzaG,550000
PtZUFgFyuptF3C5jcymYTDfefUJ53yTfF6W,700000
PtdY8zzoPYMjuCccash9gWRJzkc9hkh2zi8,950000
PtWyFSzZ3FYRanwFwC6DyWvJMiUD6sCAmss,1150000
PtiYqAGqy2VegKYe2UdTN21mvFoqKT2wH3d,1400000
PtkycrQVAVC91PsT557XVuH4LrdsvtBNRbh,650000
PtdoukLWKjJcv67TPe7cAovogWqwD4HaAWe,850000
Ptj3nescLN1J8BCtzdveSubJREYqdUtV3MD,1050000
PtnAVSdP5Z41G4JHC6TQF3LAmYP96WCykF5,1200000
PtZM6peQwR4nLCKMgV2pzXRLsRc1hQKWNWu,1550000
PtisFGs2k6ZuoUjbo95DQwVY9jHCiJw4ABv,500000
PtoSydyS27VaBCNyGhur6ro1RyisiZk3QtE,750000
PtnwykQBkmFXhXCDZ7nBvZ9dLU1vEPiucWU,1000000
PtUpEnnymhEYGGJVwrNbpfTJ49dcPAMYCSs,1250000
PtgYLXbYxxS5nekb75wZkh8Mitvg6iVnJeu,1500000
Ptd7VfQAPTJ9LkSnzaLn6cDEi9tKFLcAR7Z,600000
Ptn9yjCcKTVZwDPd6dWTCMuQZAyj8qmF87g,800000
PtZ58rhSqaCe3xPognWrpE2LCKycUKGHz9o,1100000
PtTmbko62ZAJqvuMpGbxdGvFzm1SSWDspvJ,1300000
PtpLdinWhdzXZDEokYWL8vzGZBkmr9qGEZy,1600000
PtjEkyWYE3giPLnQprFJagvdBs6r2RzsvJc,550000
PtgDmNoiDEGwGeEK9dv9hNyyGVjgrGDHutp,700000
Ptko6do1we5eeyAPyLZmzVbK2VVH3EKxvDZ,950000
PtVsCuVtiSwefyu9EFbLkhXcvEe1fC6eRoZ,1150000
PtiWdqMwJLNcJ4GcgGghaMKTLnAfND1TjMa,1400000
PtWzf53XtY3bweCKKmDcoVxMpSWhL86TF78,650000
PtdKu9nNPLCZDV5sryRxUEDT4N6T7aM9Xsy,850000
PtTdHDmMPxER4ZGyZheqdX1zYCepeueP66m,1050000
PtZd2rhMQiHyBJsCoVhNxTZt4ZvjJvqe2SF,1200000
PtnwXd1K9tec3UP2kdYLrgCojL9Zyvq7FYZ,1550000
PtoETTSashvcYLXb8MCcmSshaCyWJUJLSVY,500000
Ptae5Ec7iwspr6Sn19aaNrEiU3bQUpSTGMH,750000
PtTWu8iYdC9zQPciqewwmEjPa4YV41urWTz,1000000
Ptn3vDNL6TrBtijLx4oe7FnJKQsz75QEKFz,1250000
PtizupdFzYiCxwsgeQ7p1FgreCtFQHnXoVz,1500000
Ptmf5arfCamgBwN3wQb2JmcfVAM9sW57ks1,600000
PtZNhwosQEybiim6cuFnf4RNVuj3vn97UsU,800000
Ptn3og99rzPvA17RwtWNxzUprrsXkRoc5eb,1100000
PtWxV8CMXNoXTy9sb4v5K3Q5dSQRfpod52w,1300000
PtbxbUyQVoDiSfV9htoVQv9moyWSeg9ny3q,1600000
PtbbnH9gUdrhww7jTJVkQ2LCXQXtrpUzqCw,550000
Ptr5ijUAJkX8X3oXAi5knnBbCYGAoUw7dqf,700000
PtWy4UaqaSKBRhJPK4xPcMAy4HR4sKfCt65,950000
PtT6sRva7WHSNiPk58LRbjo3dxk98DVFP76,1150000
PtbcT9RNs8m9HMcdvFjx46oShpZbtbp73jg,1400000
PtgYhxsNHj7kiAoVde59CmPqUqQQ2o8TFvh,650000
PtYxcZBhrHKNvzQ2v2nzhsZP3HJz5vX7pb7,850000
PtiDtpZRJfPTw9saRjXS32aAdzcf7gqkACu,1050000
PtiNhT9q6wN4QiZgD2MbBExHp5PTkewCqto,1200000
PtWA36JETqdrjaA6C2mh4UY6BJRxpxP96Dd,1550000
